[
 {
  "VOL": "terrible-toadstool-16",
  "DEPART": 0,
  "DUREE": 2,
  "PRIX": 6
 },
 {
  "VOL": "lonely-banknote-23",
  "DEPART": 4,
  "DUREE": 10,
  "PRIX": 13
 },
 {
  "VOL": "crooked-matrimony-51",
  "DEPART": 0,
  "DUREE": 5,
  "PRIX": 1
 },
 {
  "VOL": "grieving-rattler-67",
  "DEPART": 3,
  "DUREE": 9,
  "PRIX": 15
 },
 {
  "VOL": "mute-penalty-32",
  "DEPART": 1,
  "DUREE": 17,
  "PRIX": 6
 },
 {
  "VOL": "homeless-tournament-79",
  "DEPART": 8,
  "DUREE": 3,
  "PRIX": 30
 },
 {
  "VOL": "plain-pane-5",
  "DEPART": 6,
  "DUREE": 8,
  "PRIX": 13
 },
 {
  "VOL": "crazy-quark-99",
  "DEPART": 9,
  "DUREE": 8,
  "PRIX": 9
 },
 {
  "VOL": "time-extinguisher-34",
  "DEPART": 9,
  "DUREE": 2,
  "PRIX": 8
 },
 {
  "VOL": "screeching-syntax-51",
  "DEPART": 9,
  "DUREE": 8,
  "PRIX": 7
 },
 {
  "VOL": "brief-twinkle-6",
  "DEPART": 10,
  "DUREE": 6,
  "PRIX": 5
 },
 {
  "VOL": "relieved-sloth-58",
  "DEPART": 12,
  "DUREE": 4,
  "PRIX": 5
 },
 {
  "VOL": "tough-hose-6",
  "DEPART": 10,
  "DUREE": 6,
  "PRIX": 7
 },
 {
  "VOL": "gleaming-tangelo-52",
  "DEPART": 12,
  "DUREE": 1,
  "PRIX": 15
 },
 {
  "VOL": "beautiful-hairdo-81",
  "DEPART": 10,
  "DUREE": 2,
  "PRIX": 7
 },
 {
  "VOL": "graceful-percussionist-72",
  "DEPART": 17,
  "DUREE": 9,
  "PRIX": 7
 },
 {
  "VOL": "quaint-applause-57",
  "DEPART": 17,
  "DUREE": 3,
  "PRIX": 12
 },
 {
  "VOL": "low-bulb-93",
  "DEPART": 18,
  "DUREE": 7,
  "PRIX": 8
 },
 {
  "VOL": "elegant-vinegar-80",
  "DEPART": 17,
  "DUREE": 7,
  "PRIX": 9
 },
 {
  "VOL": "jolly-streetcar-3",
  "DEPART": 18,
  "DUREE": 4,
  "PRIX": 5
 },
 {
  "VOL": "helpful-madman-56",
  "DEPART": 22,
  "DUREE": 2,
  "PRIX": 7
 },
 {
  "VOL": "fast-apostrophe-49",
  "DEPART": 20,
  "DUREE": 10,
  "PRIX": 18
 },
 {
  "VOL": "odd-spruce-84",
  "DEPART": 20,
  "DUREE": 7,
  "PRIX": 5
 },
 {
  "VOL": "comfortable-dream-93",
  "DEPART": 23,
  "DUREE": 7,
  "PRIX": 12
 },
 {
  "VOL": "tiny-ratchet-86",
  "DEPART": 22,
  "DUREE": 18,
  "PRIX": 4
 },
 {
  "VOL": "faint-balm-27",
  "DEPART": 29,
  "DUREE": 3,
  "PRIX": 12
 },
 {
  "VOL": "cooing-scatterbrain-68",
  "DEPART": 28,
  "DUREE": 8,
  "PRIX": 18
 },
 {
  "VOL": "husky-supervisor-17",
  "DEPART": 26,
  "DUREE": 7,
  "PRIX": 7
 },
 {
  "VOL": "noisy-rioter-58",
  "DEPART": 27,
  "DUREE": 1,
  "PRIX": 13
 },
 {
  "VOL": "time-cashier-82",
  "DEPART": 27,
  "DUREE": 18,
  "PRIX": 1
 },
 {
  "VOL": "Early-index-87",
  "DEPART": 33,
  "DUREE": 1,
  "PRIX": 26
 },
 {
  "VOL": "jittery-schoolmarm-31",
  "DEPART": 34,
  "DUREE": 10,
  "PRIX": 8
 },
 {
  "VOL": "melodic-embryo-65",
  "DEPART": 34,
  "DUREE": 6,
  "PRIX": 7
 },
 {
  "VOL": "fast-racketeer-50",
  "DEPART": 32,
  "DUREE": 9,
  "PRIX": 14
 },
 {
  "VOL": "thankful-fireplace-7",
  "DEPART": 32,
  "DUREE": 7,
  "PRIX": 7
 },
 {
  "VOL": "hurt-bow-16",
  "DEPART": 36,
  "DUREE": 2,
  "PRIX": 7
 },
 {
  "VOL": "curious-drug-79",
  "DEPART": 39,
  "DUREE": 3,
  "PRIX": 21
 },
 {
  "VOL": "flat-registration-62",
  "DEPART": 38,
  "DUREE": 1,
  "PRIX": 9
 },
 {
  "VOL": "brave-reforestation-79",
  "DEPART": 38,
  "DUREE": 3,
  "PRIX": 9
 },
 {
  "VOL": "expensive-huntsman-16",
  "DEPART": 39,
  "DUREE": 1,
  "PRIX": 2
 },
 {
  "VOL": "happy-fang-97",
  "DEPART": 40,
  "DUREE": 9,
  "PRIX": 6
 },
 {
  "VOL": "cooperative-origami-5",
  "DEPART": 43,
  "DUREE": 5,
  "PRIX": 9
 },
 {
  "VOL": "nasty-rattlesnake-29",
  "DEPART": 42,
  "DUREE": 7,
  "PRIX": 8
 },
 {
  "VOL": "annoying-neptune-29",
  "DEPART": 43,
  "DUREE": 5,
  "PRIX": 11
 },
 {
  "VOL": "helpful-pantsuit-2",
  "DEPART": 40,
  "DUREE": 12,
  "PRIX": 7
 },
 {
  "VOL": "depressed-trigger-52",
  "DEPART": 47,
  "DUREE": 9,
  "PRIX": 23
 },
 {
  "VOL": "crooked-whiskey-55",
  "DEPART": 49,
  "DUREE": 9,
  "PRIX": 6
 },
 {
  "VOL": "harsh-sunset-90",
  "DEPART": 47,
  "DUREE": 4,
  "PRIX": 1
 },
 {
  "VOL": "tense-son-79",
  "DEPART": 47,
  "DUREE": 9,
  "PRIX": 15
 },
 {
  "VOL": "thoughtless-rifleman-20",
  "DEPART": 48,
  "DUREE": 16,
  "PRIX": 3
 }
]
